,ResNo,Insertion,ResLabel,ResPos,Epitope
0,44,0,44,0,interface
1,45,0,45,1,interface
2,46,0,46,2,interface
3,47,0,47,3,interface
4,49,0,49,4,CD4_binding_site
5,58,0,58,5,interface
6,82,0,82,6,interface
7,83,0,83,7,interface
8,84,0,84,8,interface
9,88,0,88,9,interface
10,89,0,89,10,interface
11,90,0,90,11,interface
12,91,0,91,12,interface
13,92,0,92,13,interface
14,93,0,93,14,interface
15,94,0,94,15,interface
16,96,0,96,16,CD4_binding_site
17,97,0,97,17,CD4_binding_site
18,98,0,98,18,CD4_binding_site
19,99,0,99,19,CD4_binding_site
20,102,0,102,20,CD4_binding_site
21,105,0,105,21,CD4_binding_site
22,109,0,109,22,CD4_binding_site
23,117,0,117,23,V2_apex
24,121,0,121,24,V2_apex
25,122,0,122,25,CD4_binding_site
26,123,0,123,26,V2_apex
27,124,0,124,27,V2_apex
28,127,0,127,28,V2_apex
29,134,0,134,29,V3_glycan
30,135,0,135,30,V3_glycan
31,136,0,136,31,V3_glycan
32,137,0,137,32,V3_glycan
33,139,0,139,33,V3_glycan
34,140,0,140,34,V3_glycan
35,156,0,156,35,V2_apex
36,157,0,157,36,V2_apex
37,158,0,158,37,V2_apex
38,160,0,160,38,V2_apex
39,161,0,161,39,V2_apex
40,162,0,162,40,V2_apex
41,163,0,163,41,V2_apex
42,164,0,164,42,V2_apex
43,165,0,165,43,V2_apex
44,166,0,166,44,V2_apex
45,167,0,167,45,V2_apex
46,168,0,168,46,V2_apex
47,168,1,168A,47,V2_apex
48,169,0,169,48,V2_apex
49,170,0,170,49,V2_apex
50,171,0,171,50,V2_apex
51,172,0,172,51,V2_apex
52,173,0,173,52,V2_apex
53,192,0,192,53,CD4_binding_site
54,193,0,193,54,CD4_binding_site
55,197,0,197,55,CD4_binding_site
56,198,0,198,56,CD4_binding_site
57,199,0,199,57,CD4_binding_site
58,207,0,207,58,CD4_binding_site
59,230,0,230,59,interface
60,234,0,234,60,interface
61,236,0,236,61,interface
62,237,0,237,62,interface
63,238,0,238,63,interface
64,240,0,240,64,interface
65,241,0,241,65,interface
66,245,0,245,66,interface
67,246,0,246,67,interface
68,262,0,262,68,V3_glycan
69,275,0,275,69,CD4_binding_site
70,276,0,276,70,CD4_binding_site
71,277,0,277,71,interface
72,278,0,278,72,CD4_binding_site
73,279,0,279,73,CD4_binding_site
74,280,0,280,74,CD4_binding_site
75,281,0,281,75,CD4_binding_site
76,282,0,282,76,CD4_binding_site
77,283,0,283,77,CD4_binding_site
78,301,0,301,78,V3_glycan
79,303,0,303,79,V3_glycan
80,304,0,304,80,V3_glycan
81,306,0,306,81,CD4_binding_site
82,308,0,308,82,CD4_binding_site
83,309,0,309,83,V2_apex
84,315,0,315,84,V2_apex
85,315,1,315A,85,V2_apex
86,315,2,315B,86,V2_apex
87,316,0,316,87,CD4_binding_site
88,318,0,318,88,CD4_binding_site
89,321,0,321,89,V3_glycan
90,322,0,322,90,V3_glycan
91,323,0,323,91,V3_glycan
92,323,1,323A,92,V3_glycan
93,324,0,324,93,V3_glycan
94,325,0,325,94,V3_glycan
95,326,0,326,95,V3_glycan
96,327,0,327,96,V3_glycan
97,328,0,328,97,V3_glycan
98,329,0,329,98,V3_glycan
99,330,0,330,99,V3_glycan
100,332,0,332,100,V3_glycan
101,334,0,334,101,V3_glycan
102,352,0,352,102,interface
103,353,0,353,103,interface
104,354,0,354,104,interface
105,354,1,354A,105,interface
106,354,2,354B,106,interface
107,354,3,354C,107,interface
108,354,8,354H,108,interface
109,355,0,355,109,CD4_binding_site
110,357,0,357,110,interface
111,362,0,362,111,CD4_binding_site
112,364,0,364,112,CD4_binding_site
113,364,1,364A,113,CD4_binding_site
114,364,2,364B,114,CD4_binding_site
115,365,0,365,115,CD4_binding_site
116,366,0,366,116,CD4_binding_site
117,367,0,367,117,CD4_binding_site
118,368,0,368,118,CD4_binding_site
119,370,0,370,119,CD4_binding_site
120,371,0,371,120,CD4_binding_site
121,392,0,392,121,CD4_binding_site
122,415,0,415,122,V3_glycan
123,415,1,415A,123,V3_glycan
124,416,0,416,124,V3_glycan
125,417,0,417,125,V3_glycan
126,425,0,425,126,CD4_binding_site
127,426,0,426,127,CD4_binding_site
128,427,0,427,128,CD4_binding_site
129,428,0,428,129,CD4_binding_site
130,429,0,429,130,CD4_binding_site
131,430,0,430,131,CD4_binding_site
132,431,0,431,132,CD4_binding_site
133,432,0,432,133,CD4_binding_site
134,442,0,442,134,V3_glycan
135,444,0,444,135,V3_glycan
136,448,0,448,136,interface
137,455,0,455,137,CD4_binding_site
138,456,0,456,138,CD4_binding_site
139,457,0,457,139,CD4_binding_site
140,458,0,458,140,CD4_binding_site
141,459,0,459,141,CD4_binding_site
142,459,1,459A,142,CD4_binding_site
143,459,2,459B,143,CD4_binding_site
144,459,3,459C,144,CD4_binding_site
145,459,4,459D,145,CD4_binding_site
146,459,5,459E,146,CD4_binding_site
147,459,6,459F,147,CD4_binding_site
148,459,7,459G,148,CD4_binding_site
149,459,8,459H,149,CD4_binding_site
150,459,9,459I,150,CD4_binding_site
151,459,12,459L,151,CD4_binding_site
152,459,13,459M,152,CD4_binding_site
153,459,14,459N,153,CD4_binding_site
154,459,15,459O,154,CD4_binding_site
155,459,16,459P,155,CD4_binding_site
156,459,17,459Q,156,CD4_binding_site
157,459,18,459R,157,CD4_binding_site
158,460,0,460,158,CD4_binding_site
159,461,0,461,159,CD4_binding_site
160,462,0,462,160,CD4_binding_site
161,463,0,463,161,CD4_binding_site
162,464,0,464,162,CD4_binding_site
163,465,0,465,163,CD4_binding_site
164,466,0,466,164,CD4_binding_site
165,467,0,467,165,CD4_binding_site
166,469,0,469,166,CD4_binding_site
167,470,0,470,167,CD4_binding_site
168,471,0,471,168,CD4_binding_site
169,472,0,472,169,CD4_binding_site
170,473,0,473,170,CD4_binding_site
171,474,0,474,171,CD4_binding_site
172,475,0,475,172,CD4_binding_site
173,476,0,476,173,CD4_binding_site
174,477,0,477,174,CD4_binding_site
175,480,0,480,175,CD4_binding_site
176,487,0,487,176,interface
177,512,0,512,177,interface
178,513,0,513,178,interface
179,513,1,513A,179,interface
180,514,0,514,180,interface
181,514,1,514A,181,interface
182,515,0,515,182,interface
183,516,0,516,183,interface
184,516,1,516A,184,interface
185,517,0,517,185,interface
186,519,0,519,186,interface
187,521,0,521,187,interface
188,522,0,522,188,interface
189,542,0,542,189,interface
190,543,0,543,190,interface
191,549,0,549,191,interface
192,550,0,550,192,interface
193,554,0,554,193,interface
194,592,0,592,194,interface
195,611,0,611,195,interface
196,625,0,625,196,interface
197,637,0,637,197,interface
198,638,0,638,198,interface
199,640,0,640,199,interface
200,641,0,641,200,interface
201,643,0,643,201,interface
202,644,0,644,202,interface
203,647,0,647,203,interface
